Feature,Mean_Abs_SHAP
TDA_H0_TotalPersistence,0.33551541976007404
TDA_H0_MeanPersistence,0.26111836264522953
TDA_H0_MaxPersistence,0.12443842272337098
TDA_H1_MaxPersistence,0.09090010289816002
TDA_H1_TotalPersistence,0.07274627860805552
TDA_H1_MeanPersistence,0.06682027708835134
TDA_H1_Count,0.06191573562347019
TDA_H1_Entropy,0.043437675084061406
TDA_H0_Count,0.0
